case_no,audio_no,mos_case_id,case_id,method_id,method_desc,speech_file
1,1,case_01_F,easy_0255_pIYdfEbwsqI_00_11_39_94,voxinstruct,StyleTTS baseline: VoxInstruct,speech/voxinstruct/case_01_F_easy_pIYdfEbwsqI_00_11_39_94.wav
1,2,case_01_F,easy_0255_pIYdfEbwsqI_00_11_39_94,ours_grpo_face_style,Our method: GRPO face-style TTS,speech/ours_grpo_face_style/case_01_F_easy_pIYdfEbwsqI_00_11_39_94.wav
1,3,case_01_F,easy_0255_pIYdfEbwsqI_00_11_39_94,synthsees,FaceTTS baseline: SYNTHE-SEES,speech/synthsees/case_01_F_easy_pIYdfEbwsqI_00_11_39_94.wav
1,4,case_01_F,easy_0255_pIYdfEbwsqI_00_11_39_94,parler_tts,StyleTTS baseline: ParlerTTS,speech/parler_tts/case_01_F_easy_pIYdfEbwsqI_00_11_39_94.wav
1,5,case_01_F,easy_0255_pIYdfEbwsqI_00_11_39_94,promptttspp,StyleTTS baseline: PromptTTS/PromptTTS++,speech/promptttspp/case_01_F_easy_pIYdfEbwsqI_00_11_39_94.wav
1,6,case_01_F,easy_0255_pIYdfEbwsqI_00_11_39_94,ablation_onlyface,Ablation: onlyface,speech/ablation_onlyface/case_01_F_easy_pIYdfEbwsqI_00_11_39_94.wav
1,7,case_01_F,easy_0255_pIYdfEbwsqI_00_11_39_94,ablation_face_style,Ablation: face_style,speech/ablation_face_style/case_01_F_easy_pIYdfEbwsqI_00_11_39_94.wav
1,8,case_01_F,easy_0255_pIYdfEbwsqI_00_11_39_94,ablation_face_style_0_5,Ablation: face_style_0_5,speech/ablation_face_style_0_5/case_01_F_easy_pIYdfEbwsqI_00_11_39_94.wav
1,9,case_01_F,easy_0255_pIYdfEbwsqI_00_11_39_94,multimodaltts,Face-style TTS baseline: MultimodalTTS (ICME face_style),speech/multimodaltts/case_01_F_easy_pIYdfEbwsqI_00_11_39_94.wav
1,10,case_01_F,easy_0255_pIYdfEbwsqI_00_11_39_94,fvtts,FaceTTS baseline: FVTTS,speech/fvtts/case_01_F_easy_pIYdfEbwsqI_00_11_39_94.wav
1,11,case_01_F,easy_0255_pIYdfEbwsqI_00_11_39_94,ablation_onlystyle,Ablation: onlystyle,speech/ablation_onlystyle/case_01_F_easy_pIYdfEbwsqI_00_11_39_94.wav
1,12,case_01_F,easy_0255_pIYdfEbwsqI_00_11_39_94,gt,GT natural speech,speech/gt/case_01_F_easy_pIYdfEbwsqI_00_11_39_94.wav
1,13,case_01_F,easy_0255_pIYdfEbwsqI_00_11_39_94,facetts,FaceTTS baseline: FaceTTS,speech/facetts/case_01_F_easy_pIYdfEbwsqI_00_11_39_94.wav
2,1,case_02_F,easy_0280_GdQkyQrQawM_00_06_28_07,voxinstruct,StyleTTS baseline: VoxInstruct,speech/voxinstruct/case_02_F_easy_GdQkyQrQawM_00_06_28_07.wav
2,2,case_02_F,easy_0280_GdQkyQrQawM_00_06_28_07,ours_grpo_face_style,Our method: GRPO face-style TTS,speech/ours_grpo_face_style/case_02_F_easy_GdQkyQrQawM_00_06_28_07.wav
2,3,case_02_F,easy_0280_GdQkyQrQawM_00_06_28_07,synthsees,FaceTTS baseline: SYNTHE-SEES,speech/synthsees/case_02_F_easy_GdQkyQrQawM_00_06_28_07.wav
2,4,case_02_F,easy_0280_GdQkyQrQawM_00_06_28_07,parler_tts,StyleTTS baseline: ParlerTTS,speech/parler_tts/case_02_F_easy_GdQkyQrQawM_00_06_28_07.wav
2,5,case_02_F,easy_0280_GdQkyQrQawM_00_06_28_07,promptttspp,StyleTTS baseline: PromptTTS/PromptTTS++,speech/promptttspp/case_02_F_easy_GdQkyQrQawM_00_06_28_07.wav
2,6,case_02_F,easy_0280_GdQkyQrQawM_00_06_28_07,ablation_onlyface,Ablation: onlyface,speech/ablation_onlyface/case_02_F_easy_GdQkyQrQawM_00_06_28_07.wav
2,7,case_02_F,easy_0280_GdQkyQrQawM_00_06_28_07,ablation_face_style,Ablation: face_style,speech/ablation_face_style/case_02_F_easy_GdQkyQrQawM_00_06_28_07.wav
2,8,case_02_F,easy_0280_GdQkyQrQawM_00_06_28_07,ablation_face_style_0_5,Ablation: face_style_0_5,speech/ablation_face_style_0_5/case_02_F_easy_GdQkyQrQawM_00_06_28_07.wav
2,9,case_02_F,easy_0280_GdQkyQrQawM_00_06_28_07,multimodaltts,Face-style TTS baseline: MultimodalTTS (ICME face_style),speech/multimodaltts/case_02_F_easy_GdQkyQrQawM_00_06_28_07.wav
2,10,case_02_F,easy_0280_GdQkyQrQawM_00_06_28_07,fvtts,FaceTTS baseline: FVTTS,speech/fvtts/case_02_F_easy_GdQkyQrQawM_00_06_28_07.wav
2,11,case_02_F,easy_0280_GdQkyQrQawM_00_06_28_07,ablation_onlystyle,Ablation: onlystyle,speech/ablation_onlystyle/case_02_F_easy_GdQkyQrQawM_00_06_28_07.wav
2,12,case_02_F,easy_0280_GdQkyQrQawM_00_06_28_07,gt,GT natural speech,speech/gt/case_02_F_easy_GdQkyQrQawM_00_06_28_07.wav
2,13,case_02_F,easy_0280_GdQkyQrQawM_00_06_28_07,facetts,FaceTTS baseline: FaceTTS,speech/facetts/case_02_F_easy_GdQkyQrQawM_00_06_28_07.wav
3,1,case_03_F,easy_0256_qUwE8TRhOk8_00_10_30_99,voxinstruct,StyleTTS baseline: VoxInstruct,speech/voxinstruct/case_03_F_easy_qUwE8TRhOk8_00_10_30_99.wav
3,2,case_03_F,easy_0256_qUwE8TRhOk8_00_10_30_99,ours_grpo_face_style,Our method: GRPO face-style TTS,speech/ours_grpo_face_style/case_03_F_easy_qUwE8TRhOk8_00_10_30_99.wav
3,3,case_03_F,easy_0256_qUwE8TRhOk8_00_10_30_99,synthsees,FaceTTS baseline: SYNTHE-SEES,speech/synthsees/case_03_F_easy_qUwE8TRhOk8_00_10_30_99.wav
3,4,case_03_F,easy_0256_qUwE8TRhOk8_00_10_30_99,parler_tts,StyleTTS baseline: ParlerTTS,speech/parler_tts/case_03_F_easy_qUwE8TRhOk8_00_10_30_99.wav
3,5,case_03_F,easy_0256_qUwE8TRhOk8_00_10_30_99,promptttspp,StyleTTS baseline: PromptTTS/PromptTTS++,speech/promptttspp/case_03_F_easy_qUwE8TRhOk8_00_10_30_99.wav
3,6,case_03_F,easy_0256_qUwE8TRhOk8_00_10_30_99,ablation_onlyface,Ablation: onlyface,speech/ablation_onlyface/case_03_F_easy_qUwE8TRhOk8_00_10_30_99.wav
3,7,case_03_F,easy_0256_qUwE8TRhOk8_00_10_30_99,ablation_face_style,Ablation: face_style,speech/ablation_face_style/case_03_F_easy_qUwE8TRhOk8_00_10_30_99.wav
3,8,case_03_F,easy_0256_qUwE8TRhOk8_00_10_30_99,ablation_face_style_0_5,Ablation: face_style_0_5,speech/ablation_face_style_0_5/case_03_F_easy_qUwE8TRhOk8_00_10_30_99.wav
3,9,case_03_F,easy_0256_qUwE8TRhOk8_00_10_30_99,multimodaltts,Face-style TTS baseline: MultimodalTTS (ICME face_style),speech/multimodaltts/case_03_F_easy_qUwE8TRhOk8_00_10_30_99.wav
3,10,case_03_F,easy_0256_qUwE8TRhOk8_00_10_30_99,fvtts,FaceTTS baseline: FVTTS,speech/fvtts/case_03_F_easy_qUwE8TRhOk8_00_10_30_99.wav
3,11,case_03_F,easy_0256_qUwE8TRhOk8_00_10_30_99,ablation_onlystyle,Ablation: onlystyle,speech/ablation_onlystyle/case_03_F_easy_qUwE8TRhOk8_00_10_30_99.wav
3,12,case_03_F,easy_0256_qUwE8TRhOk8_00_10_30_99,gt,GT natural speech,speech/gt/case_03_F_easy_qUwE8TRhOk8_00_10_30_99.wav
3,13,case_03_F,easy_0256_qUwE8TRhOk8_00_10_30_99,facetts,FaceTTS baseline: FaceTTS,speech/facetts/case_03_F_easy_qUwE8TRhOk8_00_10_30_99.wav
4,1,case_04_F,easy_0015_2--6XzUxGBI_00_22_19_92,voxinstruct,StyleTTS baseline: VoxInstruct,speech/voxinstruct/case_04_F_easy_2--6XzUxGBI_00_22_19_92.wav
4,2,case_04_F,easy_0015_2--6XzUxGBI_00_22_19_92,ours_grpo_face_style,Our method: GRPO face-style TTS,speech/ours_grpo_face_style/case_04_F_easy_2--6XzUxGBI_00_22_19_92.wav
4,3,case_04_F,easy_0015_2--6XzUxGBI_00_22_19_92,synthsees,FaceTTS baseline: SYNTHE-SEES,speech/synthsees/case_04_F_easy_2--6XzUxGBI_00_22_19_92.wav
4,4,case_04_F,easy_0015_2--6XzUxGBI_00_22_19_92,parler_tts,StyleTTS baseline: ParlerTTS,speech/parler_tts/case_04_F_easy_2--6XzUxGBI_00_22_19_92.wav
4,5,case_04_F,easy_0015_2--6XzUxGBI_00_22_19_92,promptttspp,StyleTTS baseline: PromptTTS/PromptTTS++,speech/promptttspp/case_04_F_easy_2--6XzUxGBI_00_22_19_92.wav
4,6,case_04_F,easy_0015_2--6XzUxGBI_00_22_19_92,ablation_onlyface,Ablation: onlyface,speech/ablation_onlyface/case_04_F_easy_2--6XzUxGBI_00_22_19_92.wav
4,7,case_04_F,easy_0015_2--6XzUxGBI_00_22_19_92,ablation_face_style,Ablation: face_style,speech/ablation_face_style/case_04_F_easy_2--6XzUxGBI_00_22_19_92.wav
4,8,case_04_F,easy_0015_2--6XzUxGBI_00_22_19_92,ablation_face_style_0_5,Ablation: face_style_0_5,speech/ablation_face_style_0_5/case_04_F_easy_2--6XzUxGBI_00_22_19_92.wav
4,9,case_04_F,easy_0015_2--6XzUxGBI_00_22_19_92,multimodaltts,Face-style TTS baseline: MultimodalTTS (ICME face_style),speech/multimodaltts/case_04_F_easy_2--6XzUxGBI_00_22_19_92.wav
4,10,case_04_F,easy_0015_2--6XzUxGBI_00_22_19_92,fvtts,FaceTTS baseline: FVTTS,speech/fvtts/case_04_F_easy_2--6XzUxGBI_00_22_19_92.wav
4,11,case_04_F,easy_0015_2--6XzUxGBI_00_22_19_92,ablation_onlystyle,Ablation: onlystyle,speech/ablation_onlystyle/case_04_F_easy_2--6XzUxGBI_00_22_19_92.wav
4,12,case_04_F,easy_0015_2--6XzUxGBI_00_22_19_92,gt,GT natural speech,speech/gt/case_04_F_easy_2--6XzUxGBI_00_22_19_92.wav
4,13,case_04_F,easy_0015_2--6XzUxGBI_00_22_19_92,facetts,FaceTTS baseline: FaceTTS,speech/facetts/case_04_F_easy_2--6XzUxGBI_00_22_19_92.wav
5,1,case_05_F,easy_0086_53nShLQ1ewA_00_08_31_85,voxinstruct,StyleTTS baseline: VoxInstruct,speech/voxinstruct/case_05_F_easy_53nShLQ1ewA_00_08_31_85.wav
5,2,case_05_F,easy_0086_53nShLQ1ewA_00_08_31_85,ours_grpo_face_style,Our method: GRPO face-style TTS,speech/ours_grpo_face_style/case_05_F_easy_53nShLQ1ewA_00_08_31_85.wav
5,3,case_05_F,easy_0086_53nShLQ1ewA_00_08_31_85,synthsees,FaceTTS baseline: SYNTHE-SEES,speech/synthsees/case_05_F_easy_53nShLQ1ewA_00_08_31_85.wav
5,4,case_05_F,easy_0086_53nShLQ1ewA_00_08_31_85,parler_tts,StyleTTS baseline: ParlerTTS,speech/parler_tts/case_05_F_easy_53nShLQ1ewA_00_08_31_85.wav
5,5,case_05_F,easy_0086_53nShLQ1ewA_00_08_31_85,promptttspp,StyleTTS baseline: PromptTTS/PromptTTS++,speech/promptttspp/case_05_F_easy_53nShLQ1ewA_00_08_31_85.wav
5,6,case_05_F,easy_0086_53nShLQ1ewA_00_08_31_85,ablation_onlyface,Ablation: onlyface,speech/ablation_onlyface/case_05_F_easy_53nShLQ1ewA_00_08_31_85.wav
5,7,case_05_F,easy_0086_53nShLQ1ewA_00_08_31_85,ablation_face_style,Ablation: face_style,speech/ablation_face_style/case_05_F_easy_53nShLQ1ewA_00_08_31_85.wav
5,8,case_05_F,easy_0086_53nShLQ1ewA_00_08_31_85,ablation_face_style_0_5,Ablation: face_style_0_5,speech/ablation_face_style_0_5/case_05_F_easy_53nShLQ1ewA_00_08_31_85.wav
5,9,case_05_F,easy_0086_53nShLQ1ewA_00_08_31_85,multimodaltts,Face-style TTS baseline: MultimodalTTS (ICME face_style),speech/multimodaltts/case_05_F_easy_53nShLQ1ewA_00_08_31_85.wav
5,10,case_05_F,easy_0086_53nShLQ1ewA_00_08_31_85,fvtts,FaceTTS baseline: FVTTS,speech/fvtts/case_05_F_easy_53nShLQ1ewA_00_08_31_85.wav
5,11,case_05_F,easy_0086_53nShLQ1ewA_00_08_31_85,ablation_onlystyle,Ablation: onlystyle,speech/ablation_onlystyle/case_05_F_easy_53nShLQ1ewA_00_08_31_85.wav
5,12,case_05_F,easy_0086_53nShLQ1ewA_00_08_31_85,gt,GT natural speech,speech/gt/case_05_F_easy_53nShLQ1ewA_00_08_31_85.wav
5,13,case_05_F,easy_0086_53nShLQ1ewA_00_08_31_85,facetts,FaceTTS baseline: FaceTTS,speech/facetts/case_05_F_easy_53nShLQ1ewA_00_08_31_85.wav
6,1,case_06_F,hard_0219_4qkpjw5homQ_00_00_27_37,voxinstruct,StyleTTS baseline: VoxInstruct,speech/voxinstruct/case_06_F_hard_4qkpjw5homQ_00_00_27_37.wav
6,2,case_06_F,hard_0219_4qkpjw5homQ_00_00_27_37,ours_grpo_face_style,Our method: GRPO face-style TTS,speech/ours_grpo_face_style/case_06_F_hard_4qkpjw5homQ_00_00_27_37.wav
6,3,case_06_F,hard_0219_4qkpjw5homQ_00_00_27_37,synthsees,FaceTTS baseline: SYNTHE-SEES,speech/synthsees/case_06_F_hard_4qkpjw5homQ_00_00_27_37.wav
6,4,case_06_F,hard_0219_4qkpjw5homQ_00_00_27_37,parler_tts,StyleTTS baseline: ParlerTTS,speech/parler_tts/case_06_F_hard_4qkpjw5homQ_00_00_27_37.wav
6,5,case_06_F,hard_0219_4qkpjw5homQ_00_00_27_37,promptttspp,StyleTTS baseline: PromptTTS/PromptTTS++,speech/promptttspp/case_06_F_hard_4qkpjw5homQ_00_00_27_37.wav
6,6,case_06_F,hard_0219_4qkpjw5homQ_00_00_27_37,ablation_onlyface,Ablation: onlyface,speech/ablation_onlyface/case_06_F_hard_4qkpjw5homQ_00_00_27_37.wav
6,7,case_06_F,hard_0219_4qkpjw5homQ_00_00_27_37,ablation_face_style,Ablation: face_style,speech/ablation_face_style/case_06_F_hard_4qkpjw5homQ_00_00_27_37.wav
6,8,case_06_F,hard_0219_4qkpjw5homQ_00_00_27_37,ablation_face_style_0_5,Ablation: face_style_0_5,speech/ablation_face_style_0_5/case_06_F_hard_4qkpjw5homQ_00_00_27_37.wav
6,9,case_06_F,hard_0219_4qkpjw5homQ_00_00_27_37,multimodaltts,Face-style TTS baseline: MultimodalTTS (ICME face_style),speech/multimodaltts/case_06_F_hard_4qkpjw5homQ_00_00_27_37.wav
6,10,case_06_F,hard_0219_4qkpjw5homQ_00_00_27_37,fvtts,FaceTTS baseline: FVTTS,speech/fvtts/case_06_F_hard_4qkpjw5homQ_00_00_27_37.wav
6,11,case_06_F,hard_0219_4qkpjw5homQ_00_00_27_37,ablation_onlystyle,Ablation: onlystyle,speech/ablation_onlystyle/case_06_F_hard_4qkpjw5homQ_00_00_27_37.wav
6,12,case_06_F,hard_0219_4qkpjw5homQ_00_00_27_37,gt,GT natural speech,speech/gt/case_06_F_hard_4qkpjw5homQ_00_00_27_37.wav
6,13,case_06_F,hard_0219_4qkpjw5homQ_00_00_27_37,facetts,FaceTTS baseline: FaceTTS,speech/facetts/case_06_F_hard_4qkpjw5homQ_00_00_27_37.wav
7,1,case_07_F,hard_0036_2OWduVCiOZ4_00_00_39_25,voxinstruct,StyleTTS baseline: VoxInstruct,speech/voxinstruct/case_07_F_hard_2OWduVCiOZ4_00_00_39_25.wav
7,2,case_07_F,hard_0036_2OWduVCiOZ4_00_00_39_25,ours_grpo_face_style,Our method: GRPO face-style TTS,speech/ours_grpo_face_style/case_07_F_hard_2OWduVCiOZ4_00_00_39_25.wav
7,3,case_07_F,hard_0036_2OWduVCiOZ4_00_00_39_25,synthsees,FaceTTS baseline: SYNTHE-SEES,speech/synthsees/case_07_F_hard_2OWduVCiOZ4_00_00_39_25.wav
7,4,case_07_F,hard_0036_2OWduVCiOZ4_00_00_39_25,parler_tts,StyleTTS baseline: ParlerTTS,speech/parler_tts/case_07_F_hard_2OWduVCiOZ4_00_00_39_25.wav
7,5,case_07_F,hard_0036_2OWduVCiOZ4_00_00_39_25,promptttspp,StyleTTS baseline: PromptTTS/PromptTTS++,speech/promptttspp/case_07_F_hard_2OWduVCiOZ4_00_00_39_25.wav
7,6,case_07_F,hard_0036_2OWduVCiOZ4_00_00_39_25,ablation_onlyface,Ablation: onlyface,speech/ablation_onlyface/case_07_F_hard_2OWduVCiOZ4_00_00_39_25.wav
7,7,case_07_F,hard_0036_2OWduVCiOZ4_00_00_39_25,ablation_face_style,Ablation: face_style,speech/ablation_face_style/case_07_F_hard_2OWduVCiOZ4_00_00_39_25.wav
7,8,case_07_F,hard_0036_2OWduVCiOZ4_00_00_39_25,ablation_face_style_0_5,Ablation: face_style_0_5,speech/ablation_face_style_0_5/case_07_F_hard_2OWduVCiOZ4_00_00_39_25.wav
7,9,case_07_F,hard_0036_2OWduVCiOZ4_00_00_39_25,multimodaltts,Face-style TTS baseline: MultimodalTTS (ICME face_style),speech/multimodaltts/case_07_F_hard_2OWduVCiOZ4_00_00_39_25.wav
7,10,case_07_F,hard_0036_2OWduVCiOZ4_00_00_39_25,fvtts,FaceTTS baseline: FVTTS,speech/fvtts/case_07_F_hard_2OWduVCiOZ4_00_00_39_25.wav
7,11,case_07_F,hard_0036_2OWduVCiOZ4_00_00_39_25,ablation_onlystyle,Ablation: onlystyle,speech/ablation_onlystyle/case_07_F_hard_2OWduVCiOZ4_00_00_39_25.wav
7,12,case_07_F,hard_0036_2OWduVCiOZ4_00_00_39_25,gt,GT natural speech,speech/gt/case_07_F_hard_2OWduVCiOZ4_00_00_39_25.wav
7,13,case_07_F,hard_0036_2OWduVCiOZ4_00_00_39_25,facetts,FaceTTS baseline: FaceTTS,speech/facetts/case_07_F_hard_2OWduVCiOZ4_00_00_39_25.wav
8,1,case_08_F,hard_0038_2qHsdAYa7qQ_00_01_58_84,voxinstruct,StyleTTS baseline: VoxInstruct,speech/voxinstruct/case_08_F_hard_2qHsdAYa7qQ_00_01_58_84.wav
8,2,case_08_F,hard_0038_2qHsdAYa7qQ_00_01_58_84,ours_grpo_face_style,Our method: GRPO face-style TTS,speech/ours_grpo_face_style/case_08_F_hard_2qHsdAYa7qQ_00_01_58_84.wav
8,3,case_08_F,hard_0038_2qHsdAYa7qQ_00_01_58_84,synthsees,FaceTTS baseline: SYNTHE-SEES,speech/synthsees/case_08_F_hard_2qHsdAYa7qQ_00_01_58_84.wav
8,4,case_08_F,hard_0038_2qHsdAYa7qQ_00_01_58_84,parler_tts,StyleTTS baseline: ParlerTTS,speech/parler_tts/case_08_F_hard_2qHsdAYa7qQ_00_01_58_84.wav
8,5,case_08_F,hard_0038_2qHsdAYa7qQ_00_01_58_84,promptttspp,StyleTTS baseline: PromptTTS/PromptTTS++,speech/promptttspp/case_08_F_hard_2qHsdAYa7qQ_00_01_58_84.wav
8,6,case_08_F,hard_0038_2qHsdAYa7qQ_00_01_58_84,ablation_onlyface,Ablation: onlyface,speech/ablation_onlyface/case_08_F_hard_2qHsdAYa7qQ_00_01_58_84.wav
8,7,case_08_F,hard_0038_2qHsdAYa7qQ_00_01_58_84,ablation_face_style,Ablation: face_style,speech/ablation_face_style/case_08_F_hard_2qHsdAYa7qQ_00_01_58_84.wav
8,8,case_08_F,hard_0038_2qHsdAYa7qQ_00_01_58_84,ablation_face_style_0_5,Ablation: face_style_0_5,speech/ablation_face_style_0_5/case_08_F_hard_2qHsdAYa7qQ_00_01_58_84.wav
8,9,case_08_F,hard_0038_2qHsdAYa7qQ_00_01_58_84,multimodaltts,Face-style TTS baseline: MultimodalTTS (ICME face_style),speech/multimodaltts/case_08_F_hard_2qHsdAYa7qQ_00_01_58_84.wav
8,10,case_08_F,hard_0038_2qHsdAYa7qQ_00_01_58_84,fvtts,FaceTTS baseline: FVTTS,speech/fvtts/case_08_F_hard_2qHsdAYa7qQ_00_01_58_84.wav
8,11,case_08_F,hard_0038_2qHsdAYa7qQ_00_01_58_84,ablation_onlystyle,Ablation: onlystyle,speech/ablation_onlystyle/case_08_F_hard_2qHsdAYa7qQ_00_01_58_84.wav
8,12,case_08_F,hard_0038_2qHsdAYa7qQ_00_01_58_84,gt,GT natural speech,speech/gt/case_08_F_hard_2qHsdAYa7qQ_00_01_58_84.wav
8,13,case_08_F,hard_0038_2qHsdAYa7qQ_00_01_58_84,facetts,FaceTTS baseline: FaceTTS,speech/facetts/case_08_F_hard_2qHsdAYa7qQ_00_01_58_84.wav
9,1,case_09_F,hard_0279_AViL1gDtfpU_00_08_22_19,voxinstruct,StyleTTS baseline: VoxInstruct,speech/voxinstruct/case_09_F_hard_AViL1gDtfpU_00_08_22_19.wav
9,2,case_09_F,hard_0279_AViL1gDtfpU_00_08_22_19,ours_grpo_face_style,Our method: GRPO face-style TTS,speech/ours_grpo_face_style/case_09_F_hard_AViL1gDtfpU_00_08_22_19.wav
9,3,case_09_F,hard_0279_AViL1gDtfpU_00_08_22_19,synthsees,FaceTTS baseline: SYNTHE-SEES,speech/synthsees/case_09_F_hard_AViL1gDtfpU_00_08_22_19.wav
9,4,case_09_F,hard_0279_AViL1gDtfpU_00_08_22_19,parler_tts,StyleTTS baseline: ParlerTTS,speech/parler_tts/case_09_F_hard_AViL1gDtfpU_00_08_22_19.wav
9,5,case_09_F,hard_0279_AViL1gDtfpU_00_08_22_19,promptttspp,StyleTTS baseline: PromptTTS/PromptTTS++,speech/promptttspp/case_09_F_hard_AViL1gDtfpU_00_08_22_19.wav
9,6,case_09_F,hard_0279_AViL1gDtfpU_00_08_22_19,ablation_onlyface,Ablation: onlyface,speech/ablation_onlyface/case_09_F_hard_AViL1gDtfpU_00_08_22_19.wav
9,7,case_09_F,hard_0279_AViL1gDtfpU_00_08_22_19,ablation_face_style,Ablation: face_style,speech/ablation_face_style/case_09_F_hard_AViL1gDtfpU_00_08_22_19.wav
9,8,case_09_F,hard_0279_AViL1gDtfpU_00_08_22_19,ablation_face_style_0_5,Ablation: face_style_0_5,speech/ablation_face_style_0_5/case_09_F_hard_AViL1gDtfpU_00_08_22_19.wav
9,9,case_09_F,hard_0279_AViL1gDtfpU_00_08_22_19,multimodaltts,Face-style TTS baseline: MultimodalTTS (ICME face_style),speech/multimodaltts/case_09_F_hard_AViL1gDtfpU_00_08_22_19.wav
9,10,case_09_F,hard_0279_AViL1gDtfpU_00_08_22_19,fvtts,FaceTTS baseline: FVTTS,speech/fvtts/case_09_F_hard_AViL1gDtfpU_00_08_22_19.wav
9,11,case_09_F,hard_0279_AViL1gDtfpU_00_08_22_19,ablation_onlystyle,Ablation: onlystyle,speech/ablation_onlystyle/case_09_F_hard_AViL1gDtfpU_00_08_22_19.wav
9,12,case_09_F,hard_0279_AViL1gDtfpU_00_08_22_19,gt,GT natural speech,speech/gt/case_09_F_hard_AViL1gDtfpU_00_08_22_19.wav
9,13,case_09_F,hard_0279_AViL1gDtfpU_00_08_22_19,facetts,FaceTTS baseline: FaceTTS,speech/facetts/case_09_F_hard_AViL1gDtfpU_00_08_22_19.wav
10,1,case_10_F,hard_0268_9OXlZUfbsPI_00_13_12_24,voxinstruct,StyleTTS baseline: VoxInstruct,speech/voxinstruct/case_10_F_hard_9OXlZUfbsPI_00_13_12_24.wav
10,2,case_10_F,hard_0268_9OXlZUfbsPI_00_13_12_24,ours_grpo_face_style,Our method: GRPO face-style TTS,speech/ours_grpo_face_style/case_10_F_hard_9OXlZUfbsPI_00_13_12_24.wav
10,3,case_10_F,hard_0268_9OXlZUfbsPI_00_13_12_24,synthsees,FaceTTS baseline: SYNTHE-SEES,speech/synthsees/case_10_F_hard_9OXlZUfbsPI_00_13_12_24.wav
10,4,case_10_F,hard_0268_9OXlZUfbsPI_00_13_12_24,parler_tts,StyleTTS baseline: ParlerTTS,speech/parler_tts/case_10_F_hard_9OXlZUfbsPI_00_13_12_24.wav
10,5,case_10_F,hard_0268_9OXlZUfbsPI_00_13_12_24,promptttspp,StyleTTS baseline: PromptTTS/PromptTTS++,speech/promptttspp/case_10_F_hard_9OXlZUfbsPI_00_13_12_24.wav
10,6,case_10_F,hard_0268_9OXlZUfbsPI_00_13_12_24,ablation_onlyface,Ablation: onlyface,speech/ablation_onlyface/case_10_F_hard_9OXlZUfbsPI_00_13_12_24.wav
10,7,case_10_F,hard_0268_9OXlZUfbsPI_00_13_12_24,ablation_face_style,Ablation: face_style,speech/ablation_face_style/case_10_F_hard_9OXlZUfbsPI_00_13_12_24.wav
10,8,case_10_F,hard_0268_9OXlZUfbsPI_00_13_12_24,ablation_face_style_0_5,Ablation: face_style_0_5,speech/ablation_face_style_0_5/case_10_F_hard_9OXlZUfbsPI_00_13_12_24.wav
10,9,case_10_F,hard_0268_9OXlZUfbsPI_00_13_12_24,multimodaltts,Face-style TTS baseline: MultimodalTTS (ICME face_style),speech/multimodaltts/case_10_F_hard_9OXlZUfbsPI_00_13_12_24.wav
10,10,case_10_F,hard_0268_9OXlZUfbsPI_00_13_12_24,fvtts,FaceTTS baseline: FVTTS,speech/fvtts/case_10_F_hard_9OXlZUfbsPI_00_13_12_24.wav
10,11,case_10_F,hard_0268_9OXlZUfbsPI_00_13_12_24,ablation_onlystyle,Ablation: onlystyle,speech/ablation_onlystyle/case_10_F_hard_9OXlZUfbsPI_00_13_12_24.wav
10,12,case_10_F,hard_0268_9OXlZUfbsPI_00_13_12_24,gt,GT natural speech,speech/gt/case_10_F_hard_9OXlZUfbsPI_00_13_12_24.wav
10,13,case_10_F,hard_0268_9OXlZUfbsPI_00_13_12_24,facetts,FaceTTS baseline: FaceTTS,speech/facetts/case_10_F_hard_9OXlZUfbsPI_00_13_12_24.wav
11,1,case_11_M,easy_0218_tDOBDFfwWhI_00_02_24_00,voxinstruct,StyleTTS baseline: VoxInstruct,speech/voxinstruct/case_11_M_easy_tDOBDFfwWhI_00_02_24_00.wav
11,2,case_11_M,easy_0218_tDOBDFfwWhI_00_02_24_00,ours_grpo_face_style,Our method: GRPO face-style TTS,speech/ours_grpo_face_style/case_11_M_easy_tDOBDFfwWhI_00_02_24_00.wav
11,3,case_11_M,easy_0218_tDOBDFfwWhI_00_02_24_00,synthsees,FaceTTS baseline: SYNTHE-SEES,speech/synthsees/case_11_M_easy_tDOBDFfwWhI_00_02_24_00.wav
11,4,case_11_M,easy_0218_tDOBDFfwWhI_00_02_24_00,parler_tts,StyleTTS baseline: ParlerTTS,speech/parler_tts/case_11_M_easy_tDOBDFfwWhI_00_02_24_00.wav
11,5,case_11_M,easy_0218_tDOBDFfwWhI_00_02_24_00,promptttspp,StyleTTS baseline: PromptTTS/PromptTTS++,speech/promptttspp/case_11_M_easy_tDOBDFfwWhI_00_02_24_00.wav
11,6,case_11_M,easy_0218_tDOBDFfwWhI_00_02_24_00,ablation_onlyface,Ablation: onlyface,speech/ablation_onlyface/case_11_M_easy_tDOBDFfwWhI_00_02_24_00.wav
11,7,case_11_M,easy_0218_tDOBDFfwWhI_00_02_24_00,ablation_face_style,Ablation: face_style,speech/ablation_face_style/case_11_M_easy_tDOBDFfwWhI_00_02_24_00.wav
11,8,case_11_M,easy_0218_tDOBDFfwWhI_00_02_24_00,ablation_face_style_0_5,Ablation: face_style_0_5,speech/ablation_face_style_0_5/case_11_M_easy_tDOBDFfwWhI_00_02_24_00.wav
11,9,case_11_M,easy_0218_tDOBDFfwWhI_00_02_24_00,multimodaltts,Face-style TTS baseline: MultimodalTTS (ICME face_style),speech/multimodaltts/case_11_M_easy_tDOBDFfwWhI_00_02_24_00.wav
11,10,case_11_M,easy_0218_tDOBDFfwWhI_00_02_24_00,fvtts,FaceTTS baseline: FVTTS,speech/fvtts/case_11_M_easy_tDOBDFfwWhI_00_02_24_00.wav
11,11,case_11_M,easy_0218_tDOBDFfwWhI_00_02_24_00,ablation_onlystyle,Ablation: onlystyle,speech/ablation_onlystyle/case_11_M_easy_tDOBDFfwWhI_00_02_24_00.wav
11,12,case_11_M,easy_0218_tDOBDFfwWhI_00_02_24_00,gt,GT natural speech,speech/gt/case_11_M_easy_tDOBDFfwWhI_00_02_24_00.wav
11,13,case_11_M,easy_0218_tDOBDFfwWhI_00_02_24_00,facetts,FaceTTS baseline: FaceTTS,speech/facetts/case_11_M_easy_tDOBDFfwWhI_00_02_24_00.wav
12,1,case_12_M,easy_0103_BfCx8suZ9uI_00_04_06_98,voxinstruct,StyleTTS baseline: VoxInstruct,speech/voxinstruct/case_12_M_easy_BfCx8suZ9uI_00_04_06_98.wav
12,2,case_12_M,easy_0103_BfCx8suZ9uI_00_04_06_98,ours_grpo_face_style,Our method: GRPO face-style TTS,speech/ours_grpo_face_style/case_12_M_easy_BfCx8suZ9uI_00_04_06_98.wav
12,3,case_12_M,easy_0103_BfCx8suZ9uI_00_04_06_98,synthsees,FaceTTS baseline: SYNTHE-SEES,speech/synthsees/case_12_M_easy_BfCx8suZ9uI_00_04_06_98.wav
12,4,case_12_M,easy_0103_BfCx8suZ9uI_00_04_06_98,parler_tts,StyleTTS baseline: ParlerTTS,speech/parler_tts/case_12_M_easy_BfCx8suZ9uI_00_04_06_98.wav
12,5,case_12_M,easy_0103_BfCx8suZ9uI_00_04_06_98,promptttspp,StyleTTS baseline: PromptTTS/PromptTTS++,speech/promptttspp/case_12_M_easy_BfCx8suZ9uI_00_04_06_98.wav
12,6,case_12_M,easy_0103_BfCx8suZ9uI_00_04_06_98,ablation_onlyface,Ablation: onlyface,speech/ablation_onlyface/case_12_M_easy_BfCx8suZ9uI_00_04_06_98.wav
12,7,case_12_M,easy_0103_BfCx8suZ9uI_00_04_06_98,ablation_face_style,Ablation: face_style,speech/ablation_face_style/case_12_M_easy_BfCx8suZ9uI_00_04_06_98.wav
12,8,case_12_M,easy_0103_BfCx8suZ9uI_00_04_06_98,ablation_face_style_0_5,Ablation: face_style_0_5,speech/ablation_face_style_0_5/case_12_M_easy_BfCx8suZ9uI_00_04_06_98.wav
12,9,case_12_M,easy_0103_BfCx8suZ9uI_00_04_06_98,multimodaltts,Face-style TTS baseline: MultimodalTTS (ICME face_style),speech/multimodaltts/case_12_M_easy_BfCx8suZ9uI_00_04_06_98.wav
12,10,case_12_M,easy_0103_BfCx8suZ9uI_00_04_06_98,fvtts,FaceTTS baseline: FVTTS,speech/fvtts/case_12_M_easy_BfCx8suZ9uI_00_04_06_98.wav
12,11,case_12_M,easy_0103_BfCx8suZ9uI_00_04_06_98,ablation_onlystyle,Ablation: onlystyle,speech/ablation_onlystyle/case_12_M_easy_BfCx8suZ9uI_00_04_06_98.wav
12,12,case_12_M,easy_0103_BfCx8suZ9uI_00_04_06_98,gt,GT natural speech,speech/gt/case_12_M_easy_BfCx8suZ9uI_00_04_06_98.wav
12,13,case_12_M,easy_0103_BfCx8suZ9uI_00_04_06_98,facetts,FaceTTS baseline: FaceTTS,speech/facetts/case_12_M_easy_BfCx8suZ9uI_00_04_06_98.wav
13,1,case_13_M,easy_0269_5hvVjOqk_4o_00_05_45_97,voxinstruct,StyleTTS baseline: VoxInstruct,speech/voxinstruct/case_13_M_easy_5hvVjOqk_4o_00_05_45_97.wav
13,2,case_13_M,easy_0269_5hvVjOqk_4o_00_05_45_97,ours_grpo_face_style,Our method: GRPO face-style TTS,speech/ours_grpo_face_style/case_13_M_easy_5hvVjOqk_4o_00_05_45_97.wav
13,3,case_13_M,easy_0269_5hvVjOqk_4o_00_05_45_97,synthsees,FaceTTS baseline: SYNTHE-SEES,speech/synthsees/case_13_M_easy_5hvVjOqk_4o_00_05_45_97.wav
13,4,case_13_M,easy_0269_5hvVjOqk_4o_00_05_45_97,parler_tts,StyleTTS baseline: ParlerTTS,speech/parler_tts/case_13_M_easy_5hvVjOqk_4o_00_05_45_97.wav
13,5,case_13_M,easy_0269_5hvVjOqk_4o_00_05_45_97,promptttspp,StyleTTS baseline: PromptTTS/PromptTTS++,speech/promptttspp/case_13_M_easy_5hvVjOqk_4o_00_05_45_97.wav
13,6,case_13_M,easy_0269_5hvVjOqk_4o_00_05_45_97,ablation_onlyface,Ablation: onlyface,speech/ablation_onlyface/case_13_M_easy_5hvVjOqk_4o_00_05_45_97.wav
13,7,case_13_M,easy_0269_5hvVjOqk_4o_00_05_45_97,ablation_face_style,Ablation: face_style,speech/ablation_face_style/case_13_M_easy_5hvVjOqk_4o_00_05_45_97.wav
13,8,case_13_M,easy_0269_5hvVjOqk_4o_00_05_45_97,ablation_face_style_0_5,Ablation: face_style_0_5,speech/ablation_face_style_0_5/case_13_M_easy_5hvVjOqk_4o_00_05_45_97.wav
13,9,case_13_M,easy_0269_5hvVjOqk_4o_00_05_45_97,multimodaltts,Face-style TTS baseline: MultimodalTTS (ICME face_style),speech/multimodaltts/case_13_M_easy_5hvVjOqk_4o_00_05_45_97.wav
13,10,case_13_M,easy_0269_5hvVjOqk_4o_00_05_45_97,fvtts,FaceTTS baseline: FVTTS,speech/fvtts/case_13_M_easy_5hvVjOqk_4o_00_05_45_97.wav
13,11,case_13_M,easy_0269_5hvVjOqk_4o_00_05_45_97,ablation_onlystyle,Ablation: onlystyle,speech/ablation_onlystyle/case_13_M_easy_5hvVjOqk_4o_00_05_45_97.wav
13,12,case_13_M,easy_0269_5hvVjOqk_4o_00_05_45_97,gt,GT natural speech,speech/gt/case_13_M_easy_5hvVjOqk_4o_00_05_45_97.wav
13,13,case_13_M,easy_0269_5hvVjOqk_4o_00_05_45_97,facetts,FaceTTS baseline: FaceTTS,speech/facetts/case_13_M_easy_5hvVjOqk_4o_00_05_45_97.wav
14,1,case_14_M,easy_0005_Cwgxm1TUfj8_00_07_28_75,voxinstruct,StyleTTS baseline: VoxInstruct,speech/voxinstruct/case_14_M_easy_Cwgxm1TUfj8_00_07_28_75.wav
14,2,case_14_M,easy_0005_Cwgxm1TUfj8_00_07_28_75,ours_grpo_face_style,Our method: GRPO face-style TTS,speech/ours_grpo_face_style/case_14_M_easy_Cwgxm1TUfj8_00_07_28_75.wav
14,3,case_14_M,easy_0005_Cwgxm1TUfj8_00_07_28_75,synthsees,FaceTTS baseline: SYNTHE-SEES,speech/synthsees/case_14_M_easy_Cwgxm1TUfj8_00_07_28_75.wav
14,4,case_14_M,easy_0005_Cwgxm1TUfj8_00_07_28_75,parler_tts,StyleTTS baseline: ParlerTTS,speech/parler_tts/case_14_M_easy_Cwgxm1TUfj8_00_07_28_75.wav
14,5,case_14_M,easy_0005_Cwgxm1TUfj8_00_07_28_75,promptttspp,StyleTTS baseline: PromptTTS/PromptTTS++,speech/promptttspp/case_14_M_easy_Cwgxm1TUfj8_00_07_28_75.wav
14,6,case_14_M,easy_0005_Cwgxm1TUfj8_00_07_28_75,ablation_onlyface,Ablation: onlyface,speech/ablation_onlyface/case_14_M_easy_Cwgxm1TUfj8_00_07_28_75.wav
14,7,case_14_M,easy_0005_Cwgxm1TUfj8_00_07_28_75,ablation_face_style,Ablation: face_style,speech/ablation_face_style/case_14_M_easy_Cwgxm1TUfj8_00_07_28_75.wav
14,8,case_14_M,easy_0005_Cwgxm1TUfj8_00_07_28_75,ablation_face_style_0_5,Ablation: face_style_0_5,speech/ablation_face_style_0_5/case_14_M_easy_Cwgxm1TUfj8_00_07_28_75.wav
14,9,case_14_M,easy_0005_Cwgxm1TUfj8_00_07_28_75,multimodaltts,Face-style TTS baseline: MultimodalTTS (ICME face_style),speech/multimodaltts/case_14_M_easy_Cwgxm1TUfj8_00_07_28_75.wav
14,10,case_14_M,easy_0005_Cwgxm1TUfj8_00_07_28_75,fvtts,FaceTTS baseline: FVTTS,speech/fvtts/case_14_M_easy_Cwgxm1TUfj8_00_07_28_75.wav
14,11,case_14_M,easy_0005_Cwgxm1TUfj8_00_07_28_75,ablation_onlystyle,Ablation: onlystyle,speech/ablation_onlystyle/case_14_M_easy_Cwgxm1TUfj8_00_07_28_75.wav
14,12,case_14_M,easy_0005_Cwgxm1TUfj8_00_07_28_75,gt,GT natural speech,speech/gt/case_14_M_easy_Cwgxm1TUfj8_00_07_28_75.wav
14,13,case_14_M,easy_0005_Cwgxm1TUfj8_00_07_28_75,facetts,FaceTTS baseline: FaceTTS,speech/facetts/case_14_M_easy_Cwgxm1TUfj8_00_07_28_75.wav
15,1,case_15_M,easy_0193_lw_dUKXNCyw_00_05_27_47,voxinstruct,StyleTTS baseline: VoxInstruct,speech/voxinstruct/case_15_M_easy_lw_dUKXNCyw_00_05_27_47.wav
15,2,case_15_M,easy_0193_lw_dUKXNCyw_00_05_27_47,ours_grpo_face_style,Our method: GRPO face-style TTS,speech/ours_grpo_face_style/case_15_M_easy_lw_dUKXNCyw_00_05_27_47.wav
15,3,case_15_M,easy_0193_lw_dUKXNCyw_00_05_27_47,synthsees,FaceTTS baseline: SYNTHE-SEES,speech/synthsees/case_15_M_easy_lw_dUKXNCyw_00_05_27_47.wav
15,4,case_15_M,easy_0193_lw_dUKXNCyw_00_05_27_47,parler_tts,StyleTTS baseline: ParlerTTS,speech/parler_tts/case_15_M_easy_lw_dUKXNCyw_00_05_27_47.wav
15,5,case_15_M,easy_0193_lw_dUKXNCyw_00_05_27_47,promptttspp,StyleTTS baseline: PromptTTS/PromptTTS++,speech/promptttspp/case_15_M_easy_lw_dUKXNCyw_00_05_27_47.wav
15,6,case_15_M,easy_0193_lw_dUKXNCyw_00_05_27_47,ablation_onlyface,Ablation: onlyface,speech/ablation_onlyface/case_15_M_easy_lw_dUKXNCyw_00_05_27_47.wav
15,7,case_15_M,easy_0193_lw_dUKXNCyw_00_05_27_47,ablation_face_style,Ablation: face_style,speech/ablation_face_style/case_15_M_easy_lw_dUKXNCyw_00_05_27_47.wav
15,8,case_15_M,easy_0193_lw_dUKXNCyw_00_05_27_47,ablation_face_style_0_5,Ablation: face_style_0_5,speech/ablation_face_style_0_5/case_15_M_easy_lw_dUKXNCyw_00_05_27_47.wav
15,9,case_15_M,easy_0193_lw_dUKXNCyw_00_05_27_47,multimodaltts,Face-style TTS baseline: MultimodalTTS (ICME face_style),speech/multimodaltts/case_15_M_easy_lw_dUKXNCyw_00_05_27_47.wav
15,10,case_15_M,easy_0193_lw_dUKXNCyw_00_05_27_47,fvtts,FaceTTS baseline: FVTTS,speech/fvtts/case_15_M_easy_lw_dUKXNCyw_00_05_27_47.wav
15,11,case_15_M,easy_0193_lw_dUKXNCyw_00_05_27_47,ablation_onlystyle,Ablation: onlystyle,speech/ablation_onlystyle/case_15_M_easy_lw_dUKXNCyw_00_05_27_47.wav
15,12,case_15_M,easy_0193_lw_dUKXNCyw_00_05_27_47,gt,GT natural speech,speech/gt/case_15_M_easy_lw_dUKXNCyw_00_05_27_47.wav
15,13,case_15_M,easy_0193_lw_dUKXNCyw_00_05_27_47,facetts,FaceTTS baseline: FaceTTS,speech/facetts/case_15_M_easy_lw_dUKXNCyw_00_05_27_47.wav
16,1,case_16_M,easy_0212_owtSR-9Cupo_00_01_01_57,voxinstruct,StyleTTS baseline: VoxInstruct,speech/voxinstruct/case_16_M_easy_owtSR-9Cupo_00_01_01_57.wav
16,2,case_16_M,easy_0212_owtSR-9Cupo_00_01_01_57,ours_grpo_face_style,Our method: GRPO face-style TTS,speech/ours_grpo_face_style/case_16_M_easy_owtSR-9Cupo_00_01_01_57.wav
16,3,case_16_M,easy_0212_owtSR-9Cupo_00_01_01_57,synthsees,FaceTTS baseline: SYNTHE-SEES,speech/synthsees/case_16_M_easy_owtSR-9Cupo_00_01_01_57.wav
16,4,case_16_M,easy_0212_owtSR-9Cupo_00_01_01_57,parler_tts,StyleTTS baseline: ParlerTTS,speech/parler_tts/case_16_M_easy_owtSR-9Cupo_00_01_01_57.wav
16,5,case_16_M,easy_0212_owtSR-9Cupo_00_01_01_57,promptttspp,StyleTTS baseline: PromptTTS/PromptTTS++,speech/promptttspp/case_16_M_easy_owtSR-9Cupo_00_01_01_57.wav
16,6,case_16_M,easy_0212_owtSR-9Cupo_00_01_01_57,ablation_onlyface,Ablation: onlyface,speech/ablation_onlyface/case_16_M_easy_owtSR-9Cupo_00_01_01_57.wav
16,7,case_16_M,easy_0212_owtSR-9Cupo_00_01_01_57,ablation_face_style,Ablation: face_style,speech/ablation_face_style/case_16_M_easy_owtSR-9Cupo_00_01_01_57.wav
16,8,case_16_M,easy_0212_owtSR-9Cupo_00_01_01_57,ablation_face_style_0_5,Ablation: face_style_0_5,speech/ablation_face_style_0_5/case_16_M_easy_owtSR-9Cupo_00_01_01_57.wav
16,9,case_16_M,easy_0212_owtSR-9Cupo_00_01_01_57,multimodaltts,Face-style TTS baseline: MultimodalTTS (ICME face_style),speech/multimodaltts/case_16_M_easy_owtSR-9Cupo_00_01_01_57.wav
16,10,case_16_M,easy_0212_owtSR-9Cupo_00_01_01_57,fvtts,FaceTTS baseline: FVTTS,speech/fvtts/case_16_M_easy_owtSR-9Cupo_00_01_01_57.wav
16,11,case_16_M,easy_0212_owtSR-9Cupo_00_01_01_57,ablation_onlystyle,Ablation: onlystyle,speech/ablation_onlystyle/case_16_M_easy_owtSR-9Cupo_00_01_01_57.wav
16,12,case_16_M,easy_0212_owtSR-9Cupo_00_01_01_57,gt,GT natural speech,speech/gt/case_16_M_easy_owtSR-9Cupo_00_01_01_57.wav
16,13,case_16_M,easy_0212_owtSR-9Cupo_00_01_01_57,facetts,FaceTTS baseline: FaceTTS,speech/facetts/case_16_M_easy_owtSR-9Cupo_00_01_01_57.wav
17,1,case_17_M,easy_0049_UCsDlaKhufk_00_08_16_17,voxinstruct,StyleTTS baseline: VoxInstruct,speech/voxinstruct/case_17_M_easy_UCsDlaKhufk_00_08_16_17.wav
17,2,case_17_M,easy_0049_UCsDlaKhufk_00_08_16_17,ours_grpo_face_style,Our method: GRPO face-style TTS,speech/ours_grpo_face_style/case_17_M_easy_UCsDlaKhufk_00_08_16_17.wav
17,3,case_17_M,easy_0049_UCsDlaKhufk_00_08_16_17,synthsees,FaceTTS baseline: SYNTHE-SEES,speech/synthsees/case_17_M_easy_UCsDlaKhufk_00_08_16_17.wav
17,4,case_17_M,easy_0049_UCsDlaKhufk_00_08_16_17,parler_tts,StyleTTS baseline: ParlerTTS,speech/parler_tts/case_17_M_easy_UCsDlaKhufk_00_08_16_17.wav
17,5,case_17_M,easy_0049_UCsDlaKhufk_00_08_16_17,promptttspp,StyleTTS baseline: PromptTTS/PromptTTS++,speech/promptttspp/case_17_M_easy_UCsDlaKhufk_00_08_16_17.wav
17,6,case_17_M,easy_0049_UCsDlaKhufk_00_08_16_17,ablation_onlyface,Ablation: onlyface,speech/ablation_onlyface/case_17_M_easy_UCsDlaKhufk_00_08_16_17.wav
17,7,case_17_M,easy_0049_UCsDlaKhufk_00_08_16_17,ablation_face_style,Ablation: face_style,speech/ablation_face_style/case_17_M_easy_UCsDlaKhufk_00_08_16_17.wav
17,8,case_17_M,easy_0049_UCsDlaKhufk_00_08_16_17,ablation_face_style_0_5,Ablation: face_style_0_5,speech/ablation_face_style_0_5/case_17_M_easy_UCsDlaKhufk_00_08_16_17.wav
17,9,case_17_M,easy_0049_UCsDlaKhufk_00_08_16_17,multimodaltts,Face-style TTS baseline: MultimodalTTS (ICME face_style),speech/multimodaltts/case_17_M_easy_UCsDlaKhufk_00_08_16_17.wav
17,10,case_17_M,easy_0049_UCsDlaKhufk_00_08_16_17,fvtts,FaceTTS baseline: FVTTS,speech/fvtts/case_17_M_easy_UCsDlaKhufk_00_08_16_17.wav
17,11,case_17_M,easy_0049_UCsDlaKhufk_00_08_16_17,ablation_onlystyle,Ablation: onlystyle,speech/ablation_onlystyle/case_17_M_easy_UCsDlaKhufk_00_08_16_17.wav
17,12,case_17_M,easy_0049_UCsDlaKhufk_00_08_16_17,gt,GT natural speech,speech/gt/case_17_M_easy_UCsDlaKhufk_00_08_16_17.wav
17,13,case_17_M,easy_0049_UCsDlaKhufk_00_08_16_17,facetts,FaceTTS baseline: FaceTTS,speech/facetts/case_17_M_easy_UCsDlaKhufk_00_08_16_17.wav
18,1,case_18_M,easy_0070_yWjTFS5KgIU_00_01_51_05,voxinstruct,StyleTTS baseline: VoxInstruct,speech/voxinstruct/case_18_M_easy_yWjTFS5KgIU_00_01_51_05.wav
18,2,case_18_M,easy_0070_yWjTFS5KgIU_00_01_51_05,ours_grpo_face_style,Our method: GRPO face-style TTS,speech/ours_grpo_face_style/case_18_M_easy_yWjTFS5KgIU_00_01_51_05.wav
18,3,case_18_M,easy_0070_yWjTFS5KgIU_00_01_51_05,synthsees,FaceTTS baseline: SYNTHE-SEES,speech/synthsees/case_18_M_easy_yWjTFS5KgIU_00_01_51_05.wav
18,4,case_18_M,easy_0070_yWjTFS5KgIU_00_01_51_05,parler_tts,StyleTTS baseline: ParlerTTS,speech/parler_tts/case_18_M_easy_yWjTFS5KgIU_00_01_51_05.wav
18,5,case_18_M,easy_0070_yWjTFS5KgIU_00_01_51_05,promptttspp,StyleTTS baseline: PromptTTS/PromptTTS++,speech/promptttspp/case_18_M_easy_yWjTFS5KgIU_00_01_51_05.wav
18,6,case_18_M,easy_0070_yWjTFS5KgIU_00_01_51_05,ablation_onlyface,Ablation: onlyface,speech/ablation_onlyface/case_18_M_easy_yWjTFS5KgIU_00_01_51_05.wav
18,7,case_18_M,easy_0070_yWjTFS5KgIU_00_01_51_05,ablation_face_style,Ablation: face_style,speech/ablation_face_style/case_18_M_easy_yWjTFS5KgIU_00_01_51_05.wav
18,8,case_18_M,easy_0070_yWjTFS5KgIU_00_01_51_05,ablation_face_style_0_5,Ablation: face_style_0_5,speech/ablation_face_style_0_5/case_18_M_easy_yWjTFS5KgIU_00_01_51_05.wav
18,9,case_18_M,easy_0070_yWjTFS5KgIU_00_01_51_05,multimodaltts,Face-style TTS baseline: MultimodalTTS (ICME face_style),speech/multimodaltts/case_18_M_easy_yWjTFS5KgIU_00_01_51_05.wav
18,10,case_18_M,easy_0070_yWjTFS5KgIU_00_01_51_05,fvtts,FaceTTS baseline: FVTTS,speech/fvtts/case_18_M_easy_yWjTFS5KgIU_00_01_51_05.wav
18,11,case_18_M,easy_0070_yWjTFS5KgIU_00_01_51_05,ablation_onlystyle,Ablation: onlystyle,speech/ablation_onlystyle/case_18_M_easy_yWjTFS5KgIU_00_01_51_05.wav
18,12,case_18_M,easy_0070_yWjTFS5KgIU_00_01_51_05,gt,GT natural speech,speech/gt/case_18_M_easy_yWjTFS5KgIU_00_01_51_05.wav
18,13,case_18_M,easy_0070_yWjTFS5KgIU_00_01_51_05,facetts,FaceTTS baseline: FaceTTS,speech/facetts/case_18_M_easy_yWjTFS5KgIU_00_01_51_05.wav
19,1,case_19_M,hard_0082_H6lkLEaPT58_00_03_51_38,voxinstruct,StyleTTS baseline: VoxInstruct,speech/voxinstruct/case_19_M_hard_H6lkLEaPT58_00_03_51_38.wav
19,2,case_19_M,hard_0082_H6lkLEaPT58_00_03_51_38,ours_grpo_face_style,Our method: GRPO face-style TTS,speech/ours_grpo_face_style/case_19_M_hard_H6lkLEaPT58_00_03_51_38.wav
19,3,case_19_M,hard_0082_H6lkLEaPT58_00_03_51_38,synthsees,FaceTTS baseline: SYNTHE-SEES,speech/synthsees/case_19_M_hard_H6lkLEaPT58_00_03_51_38.wav
19,4,case_19_M,hard_0082_H6lkLEaPT58_00_03_51_38,parler_tts,StyleTTS baseline: ParlerTTS,speech/parler_tts/case_19_M_hard_H6lkLEaPT58_00_03_51_38.wav
19,5,case_19_M,hard_0082_H6lkLEaPT58_00_03_51_38,promptttspp,StyleTTS baseline: PromptTTS/PromptTTS++,speech/promptttspp/case_19_M_hard_H6lkLEaPT58_00_03_51_38.wav
19,6,case_19_M,hard_0082_H6lkLEaPT58_00_03_51_38,ablation_onlyface,Ablation: onlyface,speech/ablation_onlyface/case_19_M_hard_H6lkLEaPT58_00_03_51_38.wav
19,7,case_19_M,hard_0082_H6lkLEaPT58_00_03_51_38,ablation_face_style,Ablation: face_style,speech/ablation_face_style/case_19_M_hard_H6lkLEaPT58_00_03_51_38.wav
19,8,case_19_M,hard_0082_H6lkLEaPT58_00_03_51_38,ablation_face_style_0_5,Ablation: face_style_0_5,speech/ablation_face_style_0_5/case_19_M_hard_H6lkLEaPT58_00_03_51_38.wav
19,9,case_19_M,hard_0082_H6lkLEaPT58_00_03_51_38,multimodaltts,Face-style TTS baseline: MultimodalTTS (ICME face_style),speech/multimodaltts/case_19_M_hard_H6lkLEaPT58_00_03_51_38.wav
19,10,case_19_M,hard_0082_H6lkLEaPT58_00_03_51_38,fvtts,FaceTTS baseline: FVTTS,speech/fvtts/case_19_M_hard_H6lkLEaPT58_00_03_51_38.wav
19,11,case_19_M,hard_0082_H6lkLEaPT58_00_03_51_38,ablation_onlystyle,Ablation: onlystyle,speech/ablation_onlystyle/case_19_M_hard_H6lkLEaPT58_00_03_51_38.wav
19,12,case_19_M,hard_0082_H6lkLEaPT58_00_03_51_38,gt,GT natural speech,speech/gt/case_19_M_hard_H6lkLEaPT58_00_03_51_38.wav
19,13,case_19_M,hard_0082_H6lkLEaPT58_00_03_51_38,facetts,FaceTTS baseline: FaceTTS,speech/facetts/case_19_M_hard_H6lkLEaPT58_00_03_51_38.wav
20,1,case_20_M,hard_0196_2Ong6qegCkY_00_00_11_48,voxinstruct,StyleTTS baseline: VoxInstruct,speech/voxinstruct/case_20_M_hard_2Ong6qegCkY_00_00_11_48.wav
20,2,case_20_M,hard_0196_2Ong6qegCkY_00_00_11_48,ours_grpo_face_style,Our method: GRPO face-style TTS,speech/ours_grpo_face_style/case_20_M_hard_2Ong6qegCkY_00_00_11_48.wav
20,3,case_20_M,hard_0196_2Ong6qegCkY_00_00_11_48,synthsees,FaceTTS baseline: SYNTHE-SEES,speech/synthsees/case_20_M_hard_2Ong6qegCkY_00_00_11_48.wav
20,4,case_20_M,hard_0196_2Ong6qegCkY_00_00_11_48,parler_tts,StyleTTS baseline: ParlerTTS,speech/parler_tts/case_20_M_hard_2Ong6qegCkY_00_00_11_48.wav
20,5,case_20_M,hard_0196_2Ong6qegCkY_00_00_11_48,promptttspp,StyleTTS baseline: PromptTTS/PromptTTS++,speech/promptttspp/case_20_M_hard_2Ong6qegCkY_00_00_11_48.wav
20,6,case_20_M,hard_0196_2Ong6qegCkY_00_00_11_48,ablation_onlyface,Ablation: onlyface,speech/ablation_onlyface/case_20_M_hard_2Ong6qegCkY_00_00_11_48.wav
20,7,case_20_M,hard_0196_2Ong6qegCkY_00_00_11_48,ablation_face_style,Ablation: face_style,speech/ablation_face_style/case_20_M_hard_2Ong6qegCkY_00_00_11_48.wav
20,8,case_20_M,hard_0196_2Ong6qegCkY_00_00_11_48,ablation_face_style_0_5,Ablation: face_style_0_5,speech/ablation_face_style_0_5/case_20_M_hard_2Ong6qegCkY_00_00_11_48.wav
20,9,case_20_M,hard_0196_2Ong6qegCkY_00_00_11_48,multimodaltts,Face-style TTS baseline: MultimodalTTS (ICME face_style),speech/multimodaltts/case_20_M_hard_2Ong6qegCkY_00_00_11_48.wav
20,10,case_20_M,hard_0196_2Ong6qegCkY_00_00_11_48,fvtts,FaceTTS baseline: FVTTS,speech/fvtts/case_20_M_hard_2Ong6qegCkY_00_00_11_48.wav
20,11,case_20_M,hard_0196_2Ong6qegCkY_00_00_11_48,ablation_onlystyle,Ablation: onlystyle,speech/ablation_onlystyle/case_20_M_hard_2Ong6qegCkY_00_00_11_48.wav
20,12,case_20_M,hard_0196_2Ong6qegCkY_00_00_11_48,gt,GT natural speech,speech/gt/case_20_M_hard_2Ong6qegCkY_00_00_11_48.wav
20,13,case_20_M,hard_0196_2Ong6qegCkY_00_00_11_48,facetts,FaceTTS baseline: FaceTTS,speech/facetts/case_20_M_hard_2Ong6qegCkY_00_00_11_48.wav
